分類,新檔名,原始檔名
houses,houses_01.jpg,577397084383347088_精緻紙紮2025版_p88_0809-01.jpg
houses,houses_02.jpg,577397084383347088_精緻紙紮2025版_p88_0809-02.jpg
houses,houses_03.jpg,577397084383347088_精緻紙紮2025版_p88_0809-03.jpg
houses,houses_04.jpg,577397084383347088_精緻紙紮2025版_p88_0809-04.jpg
houses,houses_05.jpg,577397084383347088_精緻紙紮2025版_p88_0809-05.jpg
houses,houses_06.jpg,577397084383347088_精緻紙紮2025版_p88_0809-06.jpg
houses,houses_07.jpg,577397084383347088_精緻紙紮2025版_p88_0809-07.jpg
houses,houses_08.jpg,577397084383347088_精緻紙紮2025版_p88_0809-08.jpg
shops,shops_01.jpg,577397084383347088_精緻紙紮2025版_p88_0809-09.jpg
shops,shops_02.jpg,577397084383347088_精緻紙紮2025版_p88_0809-10.jpg
shops,shops_03.jpg,577397084383347088_精緻紙紮2025版_p88_0809-11.jpg
shops,shops_04.jpg,577397084383347088_精緻紙紮2025版_p88_0809-12.jpg
shops,shops_05.jpg,577397084383347088_精緻紙紮2025版_p88_0809-13.jpg
shops,shops_06.jpg,577397084383347088_精緻紙紮2025版_p88_0809-14.jpg
shops,shops_07.jpg,577397084383347088_精緻紙紮2025版_p88_0809-15.jpg
shops,shops_08.jpg,577397084383347088_精緻紙紮2025版_p88_0809-16.jpg
vehicles,vehicles_01.jpg,577397084383347088_精緻紙紮2025版_p88_0809-17.jpg
vehicles,vehicles_02.jpg,577397084383347088_精緻紙紮2025版_p88_0809-18.jpg
vehicles,vehicles_03.jpg,577397084383347088_精緻紙紮2025版_p88_0809-19.jpg
vehicles,vehicles_04.jpg,577397084383347088_精緻紙紮2025版_p88_0809-20.jpg
vehicles,vehicles_05.jpg,577397084383347088_精緻紙紮2025版_p88_0809-21.jpg
vehicles,vehicles_06.jpg,577397084383347088_精緻紙紮2025版_p88_0809-22.jpg
vehicles,vehicles_07.jpg,577397084383347088_精緻紙紮2025版_p88_0809-23.jpg
vehicles,vehicles_08.jpg,577397084383347088_精緻紙紮2025版_p88_0809-24.jpg
men,men_01.jpg,577397084383347088_精緻紙紮2025版_p88_0809-25.jpg
men,men_02.jpg,577397084383347088_精緻紙紮2025版_p88_0809-26.jpg
men,men_03.jpg,577397084383347088_精緻紙紮2025版_p88_0809-27.jpg
men,men_04.jpg,577397084383347088_精緻紙紮2025版_p88_0809-28.jpg
men,men_05.jpg,577397084383347088_精緻紙紮2025版_p88_0809-29.jpg
men,men_06.jpg,577397084383347088_精緻紙紮2025版_p88_0809-30.jpg
men,men_07.jpg,577397084383347088_精緻紙紮2025版_p88_0809-31.jpg
men,men_08.jpg,577397084383347088_精緻紙紮2025版_p88_0809-32.jpg
women,women_01.jpg,577397084383347088_精緻紙紮2025版_p88_0809-33.jpg
women,women_02.jpg,577397084383347088_精緻紙紮2025版_p88_0809-34.jpg
women,women_03.jpg,577397084383347088_精緻紙紮2025版_p88_0809-35.jpg
women,women_04.jpg,577397084383347088_精緻紙紮2025版_p88_0809-36.jpg
women,women_05.jpg,577397084383347088_精緻紙紮2025版_p88_0809-37.jpg
women,women_06.jpg,577397084383347088_精緻紙紮2025版_p88_0809-38.jpg
women,women_07.jpg,577397084383347088_精緻紙紮2025版_p88_0809-39.jpg
electronics,electronics_01.jpg,577397084383347088_精緻紙紮2025版_p88_0809-40.jpg
electronics,electronics_02.jpg,577397084383347088_精緻紙紮2025版_p88_0809-41.jpg
electronics,electronics_03.jpg,577397084383347088_精緻紙紮2025版_p88_0809-42.jpg
electronics,electronics_04.jpg,577397084383347088_精緻紙紮2025版_p88_0809-43.jpg
electronics,electronics_05.jpg,577397084383347088_精緻紙紮2025版_p88_0809-44.jpg
electronics,electronics_06.jpg,577397084383347088_精緻紙紮2025版_p88_0809-45.jpg
electronics,electronics_07.jpg,577397084383347088_精緻紙紮2025版_p88_0809-46.jpg
daily,daily_01.jpg,577397084383347088_精緻紙紮2025版_p88_0809-47.jpg
daily,daily_02.jpg,577397084383347088_精緻紙紮2025版_p88_0809-48.jpg
daily,daily_03.jpg,577397084383347088_精緻紙紮2025版_p88_0809-49.jpg
daily,daily_04.jpg,577397084383347088_精緻紙紮2025版_p88_0809-50.jpg
daily,daily_05.jpg,577397084383347088_精緻紙紮2025版_p88_0809-51.jpg
daily,daily_06.jpg,577397084383347088_精緻紙紮2025版_p88_0809-52.jpg
daily,daily_07.jpg,577397084383347088_精緻紙紮2025版_p88_0809-53.jpg
foods,foods_01.jpg,577397084383347088_精緻紙紮2025版_p88_0809-54.jpg
foods,foods_02.jpg,577397084383347088_精緻紙紮2025版_p88_0809-55.jpg
foods,foods_03.jpg,577397084383347088_精緻紙紮2025版_p88_0809-56.jpg
foods,foods_04.jpg,577397084383347088_精緻紙紮2025版_p88_0809-57.jpg
foods,foods_05.jpg,577397084383347088_精緻紙紮2025版_p88_0809-58.jpg
foods,foods_06.jpg,577397084383347088_精緻紙紮2025版_p88_0809-59.jpg
foods,foods_07.jpg,577397084383347088_精緻紙紮2025版_p88_0809-60.jpg
clothes,clothes_01.jpg,577397084383347088_精緻紙紮2025版_p88_0809-61.jpg
clothes,clothes_02.jpg,577397084383347088_精緻紙紮2025版_p88_0809-62.jpg
clothes,clothes_03.jpg,577397084383347088_精緻紙紮2025版_p88_0809-63.jpg
clothes,clothes_04.jpg,577397084383347088_精緻紙紮2025版_p88_0809-64.jpg
clothes,clothes_05.jpg,577397084383347088_精緻紙紮2025版_p88_0809-65.jpg
clothes,clothes_06.jpg,577397084383347088_精緻紙紮2025版_p88_0809-66.jpg
clothes,clothes_07.jpg,577397084383347088_精緻紙紮2025版_p88_0809-67.jpg
pets,pets_01.jpg,577397084383347088_精緻紙紮2025版_p88_0809-68.jpg
pets,pets_02.jpg,577397084383347088_精緻紙紮2025版_p88_0809-69.jpg
pets,pets_03.jpg,577397084383347088_精緻紙紮2025版_p88_0809-70.jpg
pets,pets_04.jpg,577397084383347088_精緻紙紮2025版_p88_0809-71.jpg
pets,pets_05.jpg,577397084383347088_精緻紙紮2025版_p88_0809-72.jpg
pets,pets_06.jpg,577397084383347088_精緻紙紮2025版_p88_0809-73.jpg
pets,pets_07.jpg,577397084383347088_精緻紙紮2025版_p88_0809-74.jpg
treasures,treasures_01.jpg,577397084383347088_精緻紙紮2025版_p88_0809-75.jpg
treasures,treasures_02.jpg,577397084383347088_精緻紙紮2025版_p88_0809-76.jpg
treasures,treasures_03.jpg,577397084383347088_精緻紙紮2025版_p88_0809-77.jpg
treasures,treasures_04.jpg,577397084383347088_精緻紙紮2025版_p88_0809-78.jpg
treasures,treasures_05.jpg,577397084383347088_精緻紙紮2025版_p88_0809-79.jpg
treasures,treasures_06.jpg,577397084383347088_精緻紙紮2025版_p88_0809-80.jpg
treasures,treasures_07.jpg,577397084383347088_精緻紙紮2025版_p88_0809-81.jpg
lotus,lotus_01.jpg,577397084383347088_精緻紙紮2025版_p88_0809-82.jpg
lotus,lotus_02.jpg,577397084383347088_精緻紙紮2025版_p88_0809-83.jpg
lotus,lotus_03.jpg,577397084383347088_精緻紙紮2025版_p88_0809-84.jpg
lotus,lotus_04.jpg,577397084383347088_精緻紙紮2025版_p88_0809-85.jpg
lotus,lotus_05.jpg,577397084383347088_精緻紙紮2025版_p88_0809-86.jpg
lotus,lotus_06.jpg,577397084383347088_精緻紙紮2025版_p88_0809-87.jpg
lotus,lotus_07.jpg,577397084383347088_精緻紙紮2025版_p88_0809-88.jpg
